<?xml version="1.0" encoding="UTF-8"?>
<project-private xmlns="http://www.netbeans.org/ns/project-private/1">
    <editor-bookmarks xmlns="http://www.netbeans.org/ns/editor-bookmarks/2" lastBookmarkId="0"/>
    <open-files xmlns="http://www.netbeans.org/ns/projectui-open-files/2">
        <group>
            <file>file:/C:/MCU%20Projects/CSUS-2015/02%20Blink%20LED%20.X/02%20Blink%20LED.c</file>
            <file>file:/C:/MCU%20Projects/CSUS-2015/02%20Blink%20LED%20.X/delays.c</file>
        </group>
    </open-files>
</project-private>
